,name,height,weight,Unnamed: 0,Country,GDP (Million USD)
0,,,,1.0,United States,26854.6
1,,,,2.0,China,19373.59
2,,,,3.0,Japan,4409.74
3,,,,4.0,Germany,4308.85
4,,,,5.0,India,3736.88
5,,,,6.0,United Kingdom,3158.94
6,,,,7.0,France,2923.49
7,,,,8.0,Italy,2169.74
8,,,,9.0,Canada,2089.67
9,,,,10.0,Brazil,2081.24
10,alex,1.67,51.25,,,
11,ajay,1.82,61.91,,,
12,alice,1.76,69.41,,,
13,ravi,1.73,64.56,,,
14,joe,1.72,65.45,,,
15,alex,1.67,51.25,,,
16,ajay,1.82,61.91,,,
17,alice,1.76,69.41,,,
18,ravi,1.73,64.56,,,
19,joe,1.72,65.45,,,
20,alex,1.67,51.25,,,
21,ajay,1.82,61.91,,,
22,alice,1.76,69.41,,,
23,ravi,1.73,64.56,,,
24,joe,1.72,65.45,,,
25,jack,1.74,55.93,,,
26,tom,1.77,64.18,,,
27,tracy,1.78,61.9,,,
28,john,1.72,50.97,,,
29,jack,1.74,55.93,,,
30,tom,1.77,64.18,,,
31,tracy,1.78,61.9,,,
32,john,1.72,50.97,,,
33,jack,1.74,55.93,,,
34,tom,1.77,64.18,,,
35,tracy,1.78,61.9,,,
36,john,1.72,50.97,,,
37,simon,1.72,50.97,,,
38,jacob,1.7,54.73,,,
39,cindy,1.69,57.81,,,
40,ivan,1.72,51.77,,,
41,simon,1.72,50.97,,,
42,jacob,1.7,54.73,,,
43,cindy,1.69,57.81,,,
44,ivan,1.72,51.77,,,
45,simon,1.72,50.97,,,
46,jacob,1.7,54.73,,,
47,cindy,1.69,57.81,,,
48,ivan,1.72,51.77,,,
